﻿<parameters>
  <parameter name="IIS Web Application Name" defaultValue="Default Web Site/AuthenticationProject_deploy" tags="IisApp">
    <parameterEntry kind="ProviderPath" scope="IisApp" match="^C:\\Users\\Programmer-PC\\documents\\visual\ studio\ 2010\\Projects\\AuthenticationProject\\AuthenticationProject\\obj\\Debug\\Package\\PackageTmp$" />
    <parameterEntry kind="ProviderPath" scope="setAcl" match="^C:\\Users\\Programmer-PC\\documents\\visual\ studio\ 2010\\Projects\\AuthenticationProject\\AuthenticationProject\\obj\\Debug\\Package\\PackageTmp$" />
  </parameter>
  <parameter name="Add write permission to App_Data Folder" description="Add write permission to App_Data folder" defaultValue="{IIS Web Application Name}/App_Data" tags="Hidden">
    <parameterEntry kind="ProviderPath" scope="setAcl" match="^C:\\Users\\Programmer-PC\\documents\\visual\ studio\ 2010\\Projects\\AuthenticationProject\\AuthenticationProject\\obj\\Debug\\Package\\PackageTmp\\App_Data$" />
  </parameter>
  <parameter name="cnnstring-Web.config Connection String" description="cnnstring Connection String used in web.config by the application to access the database." defaultValue="Data Source=.\SQLEXPRESS;AttachDbFilename='C:\Users\Programmer-PC\documents\visual studio 2010\Projects\AuthenticationProject\AuthenticationProject\App_Data\db_Authentication.mdf';Integrated Security=True;User Instance=True" tags="SqlConnectionString">
    <parameterEntry kind="XmlFile" scope="obj\\Debug\\Package\\PackageTmp\\Web\.config$" match="/configuration/connectionStrings/add[@name='cnnstring']/@connectionString" />
  </parameter>
</parameters>